{
  "user": {
    "precision": 1.0,
    "recall": 0.10526315789473684,
    "f1-score": 0.1904761904761905,
    "support": 57,
    "confused_with": {
      "event": 1
    }
  },
  "event": {
    "precision": 0.8571428571428571,
    "recall": 0.125,
    "f1-score": 0.21818181818181817,
    "support": 48,
    "confused_with": {}
  },
  "micro avg": {
    "precision": 0.9230769230769231,
    "recall": 0.11428571428571428,
    "f1-score": 0.20338983050847456,
    "support": 105
  },
  "macro avg": {
    "precision": 0.9285714285714286,
    "recall": 0.11513157894736842,
    "f1-score": 0.20432900432900433,
    "support": 105
  },
  "weighted avg": {
    "precision": 0.9346938775510204,
    "recall": 0.11428571428571428,
    "f1-score": 0.20314162028447744,
    "support": 105
  },
  "accuracy": 0.9577272727272728
}