{
  "list_tasks": {
    "precision": 0.7258064516129032,
    "recall": 0.9,
    "f1-score": 0.8035714285714286,
    "support": 50,
    "confused_with": {
      "list_high_priority_events": 4,
      "get_user_details": 1
    }
  },
  "list_devices": {
    "precision": 1.0,
    "recall": 0.84,
    "f1-score": 0.9130434782608696,
    "support": 50,
    "confused_with": {
      "list_tasks": 4,
      "list_commands": 3
    }
  },
  "list_events": {
    "precision": 0.6727272727272727,
    "recall": 0.8604651162790697,
    "f1-score": 0.7551020408163266,
    "support": 43,
    "confused_with": {
      "list_tasks": 4,
      "list_high_priority_events": 1
    }
  },
  "list_users": {
    "precision": 0.9629629629629629,
    "recall": 1.0,
    "f1-score": 0.9811320754716981,
    "support": 52,
    "confused_with": {}
  },
  "get_user_details": {
    "precision": 0.9655172413793104,
    "recall": 0.9824561403508771,
    "f1-score": 0.9739130434782608,
    "support": 57,
    "confused_with": {
      "list_users": 1
    }
  },
  "list_high_priority_events": {
    "precision": 0.8387096774193549,
    "recall": 0.5909090909090909,
    "f1-score": 0.6933333333333334,
    "support": 44,
    "confused_with": {
      "list_events": 18
    }
  },
  "get_event_details": {
    "precision": 0.9795918367346939,
    "recall": 1.0,
    "f1-score": 0.9896907216494846,
    "support": 48,
    "confused_with": {}
  },
  "list_commands": {
    "precision": 0.9302325581395349,
    "recall": 0.8,
    "f1-score": 0.8602150537634408,
    "support": 50,
    "confused_with": {
      "list_tasks": 9,
      "list_users": 1
    }
  },
  "accuracy": 0.8781725888324873,
  "macro avg": {
    "precision": 0.8844435001220041,
    "recall": 0.8717287934423797,
    "f1-score": 0.8712501469181053,
    "support": 394
  },
  "weighted avg": {
    "precision": 0.8902573959830108,
    "recall": 0.8781725888324873,
    "f1-score": 0.8778036002373606,
    "support": 394
  },
  "micro avg": {
    "precision": 0.8781725888324873,
    "recall": 0.8781725888324873,
    "f1-score": 0.8781725888324873,
    "support": 394
  }
}